{
   "team_name": "PKU_ADSP",
   "set_name": "VAL",
   "report_date": "28062023_19_37_19",
   "overall_scores": {
      "precision": 0.8089576305016555,
      "recall": 0.7392280842298008,
      "fmeasure (percentage)": 77.252
   },
   "scores_per_subset": {
      "HB": {
         "precision": 0.9265734265734266,
         "recall": 0.8006042296072508,
         "f-measure": 0.8589951377633711
      },
      "ME": {
         "precision": 0.9433962264150944,
         "recall": 0.9615384615384616,
         "f-measure": 0.9523809523809523
      },
      "PB": {
         "precision": 0.6372549019607843,
         "recall": 0.5652173913043478,
         "f-measure": 0.5990783410138248
      }
   },
   "scores_per_audiofile": {
      "R4_cleaned recording_17-10-17.wav": {
         "precision": 1.0,
         "recall": 0.9444444444444444,
         "f-measure": 0.9714285714285714
      },
      "R4_cleaned recording_13-10-17.wav": {
         "precision": 1.0,
         "recall": 0.9473684210526315,
         "f-measure": 0.972972972972973
      },
      "R4_cleaned recording_TEL_25-10-17.wav": {
         "precision": 1.0,
         "recall": 0.98989898989899,
         "f-measure": 0.9949238578680203
      },
      "#97_113.wav": {
         "precision": 0.2391304347826087,
         "recall": 0.09166666666666666,
         "f-measure": 0.13253012048192772
      },
      "R4_cleaned recording_TEL_20-10-17.wav": {
         "precision": 1.0,
         "recall": 0.921875,
         "f-measure": 0.959349593495935
      },
      "R4_cleaned recording_TEL_24-10-17.wav": {
         "precision": 0.989010989010989,
         "recall": 0.9090909090909091,
         "f-measure": 0.9473684210526315
      },
      "R4_cleaned recording_TEL_19-10-17.wav": {
         "precision": 1.0,
         "recall": 0.9444444444444444,
         "f-measure": 0.9714285714285714
      },
      "#423_487.wav": {
         "precision": 0.9047619047619048,
         "recall": 1.0,
         "f-measure": 0.95
      },
      "R4_cleaned recording_TEL_23-10-17.wav": {
         "precision": 1.0,
         "recall": 0.9761904761904762,
         "f-measure": 0.9879518072289156
      },
      "R4_cleaned recording_16-10-17.wav": {
         "precision": 1.0,
         "recall": 1.0,
         "f-measure": 1.0
      },
      "ME1.wav": {
         "precision": 0.8181818181818182,
         "recall": 0.8181818181818182,
         "f-measure": 0.8181818181818182
      },
      "ME2.wav": {
         "precision": 0.9761904761904762,
         "recall": 1.0,
         "f-measure": 0.9879518072289156
      },
      "BUK4_20171022_004304a.wav": {
         "precision": 0.5384615384615384,
         "recall": 0.8235294117647058,
         "f-measure": 0.6511627906976745
      },
      "BUK4_20161011_000804.wav": {
         "precision": 0.3191489361702128,
         "recall": 0.3191489361702128,
         "f-measure": 0.3191489361702128
      },
      "BUK1_20181013_023504.wav": {
         "precision": 0.5555555555555556,
         "recall": 0.625,
         "f-measure": 0.5882352941176471
      },
      "BUK5_20161101_002104a.wav": {
         "precision": 0.9464285714285714,
         "recall": 0.6022727272727273,
         "f-measure": 0.7361111111111112
      },
      "BUK1_20181011_001004.wav": {
         "precision": 0.8275862068965517,
         "recall": 0.7741935483870968,
         "f-measure": 0.8
      },
      "BUK5_20180921_015906a.wav": {
         "precision": 0.47368421052631576,
         "recall": 0.391304347826087,
         "f-measure": 0.42857142857142855
      }
   }
}