{
   "team_name": "PKU_ADSP",
   "set_name": "VAL",
   "report_date": "12052023_17_43_03",
   "overall_scores": {
      "precision": 0.7677526288684968,
      "recall": 0.6413784590636544,
      "fmeasure (percentage)": 69.89
   },
   "scores_per_subset": {
      "HB": {
         "precision": 0.8858131487889274,
         "recall": 0.7734138972809668,
         "f-measure": 0.8258064516129032
      },
      "ME": {
         "precision": 0.9245283018867925,
         "recall": 0.9423076923076923,
         "f-measure": 0.9333333333333333
      },
      "PB": {
         "precision": 0.5892857142857143,
         "recall": 0.43043478260869567,
         "f-measure": 0.49748743718592964
      }
   },
   "scores_per_audiofile": {
      "R4_cleaned recording_17-10-17.wav": {
         "precision": 0.7446808510638298,
         "recall": 0.9722222222222222,
         "f-measure": 0.8433734939759037
      },
      "R4_cleaned recording_13-10-17.wav": {
         "precision": 1.0,
         "recall": 0.9473684210526315,
         "f-measure": 0.972972972972973
      },
      "R4_cleaned recording_TEL_25-10-17.wav": {
         "precision": 0.9607843137254902,
         "recall": 0.98989898989899,
         "f-measure": 0.9751243781094527
      },
      "#97_113.wav": {
         "precision": 0.2608695652173913,
         "recall": 0.1,
         "f-measure": 0.14457831325301204
      },
      "R4_cleaned recording_TEL_20-10-17.wav": {
         "precision": 0.9666666666666667,
         "recall": 0.90625,
         "f-measure": 0.9354838709677419
      },
      "R4_cleaned recording_TEL_24-10-17.wav": {
         "precision": 0.975,
         "recall": 0.7878787878787878,
         "f-measure": 0.8715083798882681
      },
      "R4_cleaned recording_TEL_19-10-17.wav": {
         "precision": 1.0,
         "recall": 0.9259259259259259,
         "f-measure": 0.9615384615384616
      },
      "#423_487.wav": {
         "precision": 0.9047619047619048,
         "recall": 1.0,
         "f-measure": 0.95
      },
      "R4_cleaned recording_TEL_23-10-17.wav": {
         "precision": 1.0,
         "recall": 0.9166666666666666,
         "f-measure": 0.9565217391304348
      },
      "R4_cleaned recording_16-10-17.wav": {
         "precision": 0.8285714285714286,
         "recall": 0.9666666666666667,
         "f-measure": 0.8923076923076924
      },
      "ME1.wav": {
         "precision": 0.8181818181818182,
         "recall": 0.8181818181818182,
         "f-measure": 0.8181818181818182
      },
      "ME2.wav": {
         "precision": 0.9523809523809523,
         "recall": 0.975609756097561,
         "f-measure": 0.963855421686747
      },
      "BUK4_20171022_004304a.wav": {
         "precision": 0.5,
         "recall": 0.5294117647058824,
         "f-measure": 0.5142857142857142
      },
      "BUK4_20161011_000804.wav": {
         "precision": 0.3111111111111111,
         "recall": 0.2978723404255319,
         "f-measure": 0.30434782608695654
      },
      "BUK1_20181013_023504.wav": {
         "precision": 0.5238095238095238,
         "recall": 0.4583333333333333,
         "f-measure": 0.4888888888888889
      },
      "BUK5_20161101_002104a.wav": {
         "precision": 0.95,
         "recall": 0.4318181818181818,
         "f-measure": 0.59375
      },
      "BUK1_20181011_001004.wav": {
         "precision": 0.7916666666666666,
         "recall": 0.6129032258064516,
         "f-measure": 0.6909090909090909
      },
      "BUK5_20180921_015906a.wav": {
         "precision": 0.4,
         "recall": 0.34782608695652173,
         "f-measure": 0.37209302325581395
      }
   }
}