{
   "team_name": "PKU_ADSP",
   "set_name": "VAL",
   "report_date": "23052023_14_02_34",
   "overall_scores": {
      "precision": 0.7472718391945641,
      "recall": 0.6965068098892054,
      "fmeasure (percentage)": 72.1
   },
   "scores_per_subset": {
      "HB": {
         "precision": 0.930841121495327,
         "recall": 0.7522658610271903,
         "f-measure": 0.8320802005012531
      },
      "ME": {
         "precision": 0.7903225806451613,
         "recall": 0.9423076923076923,
         "f-measure": 0.8596491228070176
      },
      "PB": {
         "precision": 0.5970149253731343,
         "recall": 0.5217391304347826,
         "f-measure": 0.5568445475638051
      }
   },
   "scores_per_audiofile": {
      "R4_cleaned recording_17-10-17.wav": {
         "precision": 1.0,
         "recall": 1.0,
         "f-measure": 1.0
      },
      "R4_cleaned recording_13-10-17.wav": {
         "precision": 1.0,
         "recall": 0.9473684210526315,
         "f-measure": 0.972972972972973
      },
      "R4_cleaned recording_TEL_25-10-17.wav": {
         "precision": 0.9896907216494846,
         "recall": 0.9696969696969697,
         "f-measure": 0.9795918367346939
      },
      "#97_113.wav": {
         "precision": 0.3076923076923077,
         "recall": 0.1,
         "f-measure": 0.1509433962264151
      },
      "R4_cleaned recording_TEL_20-10-17.wav": {
         "precision": 1.0,
         "recall": 0.9375,
         "f-measure": 0.967741935483871
      },
      "R4_cleaned recording_TEL_24-10-17.wav": {
         "precision": 0.9344262295081968,
         "recall": 0.5757575757575758,
         "f-measure": 0.7125
      },
      "R4_cleaned recording_TEL_19-10-17.wav": {
         "precision": 1.0,
         "recall": 0.9259259259259259,
         "f-measure": 0.9615384615384616
      },
      "#423_487.wav": {
         "precision": 0.9193548387096774,
         "recall": 1.0,
         "f-measure": 0.957983193277311
      },
      "R4_cleaned recording_TEL_23-10-17.wav": {
         "precision": 1.0,
         "recall": 0.9761904761904762,
         "f-measure": 0.9879518072289156
      },
      "R4_cleaned recording_16-10-17.wav": {
         "precision": 1.0,
         "recall": 1.0,
         "f-measure": 1.0
      },
      "ME1.wav": {
         "precision": 0.5294117647058824,
         "recall": 0.8181818181818182,
         "f-measure": 0.6428571428571429
      },
      "ME2.wav": {
         "precision": 0.8888888888888888,
         "recall": 0.975609756097561,
         "f-measure": 0.9302325581395349
      },
      "BUK4_20171022_004304a.wav": {
         "precision": 0.52,
         "recall": 0.7647058823529411,
         "f-measure": 0.6190476190476191
      },
      "BUK4_20161011_000804.wav": {
         "precision": 0.2708333333333333,
         "recall": 0.2765957446808511,
         "f-measure": 0.2736842105263158
      },
      "BUK1_20181013_023504.wav": {
         "precision": 0.5454545454545454,
         "recall": 0.5,
         "f-measure": 0.5217391304347826
      },
      "BUK5_20161101_002104a.wav": {
         "precision": 0.9642857142857143,
         "recall": 0.6136363636363636,
         "f-measure": 0.75
      },
      "BUK1_20181011_001004.wav": {
         "precision": 0.7407407407407407,
         "recall": 0.6451612903225806,
         "f-measure": 0.6896551724137931
      },
      "BUK5_20180921_015906a.wav": {
         "precision": 0.34782608695652173,
         "recall": 0.34782608695652173,
         "f-measure": 0.34782608695652173
      }
   }
}