{
   "team_name": "PKU_ADSP",
   "set_name": "VAL",
   "report_date": "25042023_20_20_48",
   "overall_scores": {
      "precision": 0.797331513196173,
      "recall": 0.6979662816590159,
      "fmeasure (percentage)": 74.435
   },
   "scores_per_subset": {
      "HB": {
         "precision": 0.9447415329768271,
         "recall": 0.8006042296072508,
         "f-measure": 0.866721177432543
      },
      "ME": {
         "precision": 0.8275862068965517,
         "recall": 0.9230769230769231,
         "f-measure": 0.8727272727272727
      },
      "PB": {
         "precision": 0.6685714285714286,
         "recall": 0.508695652173913,
         "f-measure": 0.5777777777777777
      }
   },
   "scores_per_audiofile": {
      "R4_cleaned recording_17-10-17.wav": {
         "precision": 1.0,
         "recall": 1.0,
         "f-measure": 1.0
      },
      "R4_cleaned recording_13-10-17.wav": {
         "precision": 1.0,
         "recall": 0.9473684210526315,
         "f-measure": 0.972972972972973
      },
      "R4_cleaned recording_TEL_25-10-17.wav": {
         "precision": 1.0,
         "recall": 0.98989898989899,
         "f-measure": 0.9949238578680203
      },
      "#97_113.wav": {
         "precision": 0.3333333333333333,
         "recall": 0.11666666666666667,
         "f-measure": 0.1728395061728395
      },
      "R4_cleaned recording_TEL_20-10-17.wav": {
         "precision": 1.0,
         "recall": 0.9375,
         "f-measure": 0.967741935483871
      },
      "R4_cleaned recording_TEL_24-10-17.wav": {
         "precision": 0.989010989010989,
         "recall": 0.9090909090909091,
         "f-measure": 0.9473684210526315
      },
      "R4_cleaned recording_TEL_19-10-17.wav": {
         "precision": 0.9803921568627451,
         "recall": 0.9259259259259259,
         "f-measure": 0.9523809523809523
      },
      "#423_487.wav": {
         "precision": 0.9827586206896551,
         "recall": 1.0,
         "f-measure": 0.991304347826087
      },
      "R4_cleaned recording_TEL_23-10-17.wav": {
         "precision": 1.0,
         "recall": 0.9166666666666666,
         "f-measure": 0.9565217391304348
      },
      "R4_cleaned recording_16-10-17.wav": {
         "precision": 1.0,
         "recall": 1.0,
         "f-measure": 1.0
      },
      "ME1.wav": {
         "precision": 0.5625,
         "recall": 0.8181818181818182,
         "f-measure": 0.6666666666666666
      },
      "ME2.wav": {
         "precision": 0.9285714285714286,
         "recall": 0.9512195121951219,
         "f-measure": 0.9397590361445783
      },
      "BUK4_20171022_004304a.wav": {
         "precision": 0.8461538461538461,
         "recall": 0.6470588235294118,
         "f-measure": 0.7333333333333333
      },
      "BUK4_20161011_000804.wav": {
         "precision": 0.21739130434782608,
         "recall": 0.2127659574468085,
         "f-measure": 0.21505376344086022
      },
      "BUK1_20181013_023504.wav": {
         "precision": 0.6521739130434783,
         "recall": 0.625,
         "f-measure": 0.6382978723404256
      },
      "BUK5_20161101_002104a.wav": {
         "precision": 0.9629629629629629,
         "recall": 0.5909090909090909,
         "f-measure": 0.7323943661971831
      },
      "BUK1_20181011_001004.wav": {
         "precision": 0.8076923076923077,
         "recall": 0.6774193548387096,
         "f-measure": 0.7368421052631579
      },
      "BUK5_20180921_015906a.wav": {
         "precision": 0.6153846153846154,
         "recall": 0.34782608695652173,
         "f-measure": 0.4444444444444444
      }
   }
}