{
   "team_name": "PKU_ADSP",
   "set_name": "VAL",
   "report_date": "03052023_12_33_24",
   "overall_scores": {
      "precision": 0.7953795921460646,
      "recall": 0.6937302672612135,
      "fmeasure (percentage)": 74.109
   },
   "scores_per_subset": {
      "HB": {
         "precision": 0.9434306569343066,
         "recall": 0.7809667673716012,
         "f-measure": 0.8545454545454545
      },
      "ME": {
         "precision": 0.875,
         "recall": 0.9423076923076923,
         "f-measure": 0.9074074074074074
      },
      "PB": {
         "precision": 0.6373626373626373,
         "recall": 0.5043478260869565,
         "f-measure": 0.5631067961165048
      }
   },
   "scores_per_audiofile": {
      "R4_cleaned recording_17-10-17.wav": {
         "precision": 0.875,
         "recall": 0.9722222222222222,
         "f-measure": 0.9210526315789473
      },
      "R4_cleaned recording_13-10-17.wav": {
         "precision": 1.0,
         "recall": 0.9473684210526315,
         "f-measure": 0.972972972972973
      },
      "R4_cleaned recording_TEL_25-10-17.wav": {
         "precision": 1.0,
         "recall": 0.9797979797979798,
         "f-measure": 0.9897959183673469
      },
      "#97_113.wav": {
         "precision": 0.3225806451612903,
         "recall": 0.08333333333333333,
         "f-measure": 0.13245033112582782
      },
      "R4_cleaned recording_TEL_20-10-17.wav": {
         "precision": 1.0,
         "recall": 0.921875,
         "f-measure": 0.959349593495935
      },
      "R4_cleaned recording_TEL_24-10-17.wav": {
         "precision": 1.0,
         "recall": 0.8787878787878788,
         "f-measure": 0.9354838709677419
      },
      "R4_cleaned recording_TEL_19-10-17.wav": {
         "precision": 1.0,
         "recall": 0.9074074074074074,
         "f-measure": 0.9514563106796117
      },
      "#423_487.wav": {
         "precision": 0.9193548387096774,
         "recall": 1.0,
         "f-measure": 0.957983193277311
      },
      "R4_cleaned recording_TEL_23-10-17.wav": {
         "precision": 1.0,
         "recall": 0.8928571428571429,
         "f-measure": 0.9433962264150944
      },
      "R4_cleaned recording_16-10-17.wav": {
         "precision": 1.0,
         "recall": 1.0,
         "f-measure": 1.0
      },
      "ME1.wav": {
         "precision": 0.75,
         "recall": 0.8181818181818182,
         "f-measure": 0.782608695652174
      },
      "ME2.wav": {
         "precision": 0.9090909090909091,
         "recall": 0.975609756097561,
         "f-measure": 0.9411764705882353
      },
      "BUK4_20171022_004304a.wav": {
         "precision": 0.48148148148148145,
         "recall": 0.7647058823529411,
         "f-measure": 0.5909090909090909
      },
      "BUK4_20161011_000804.wav": {
         "precision": 0.23809523809523808,
         "recall": 0.2127659574468085,
         "f-measure": 0.2247191011235955
      },
      "BUK1_20181013_023504.wav": {
         "precision": 0.6666666666666666,
         "recall": 0.4166666666666667,
         "f-measure": 0.5128205128205128
      },
      "BUK5_20161101_002104a.wav": {
         "precision": 0.9491525423728814,
         "recall": 0.6363636363636364,
         "f-measure": 0.7619047619047619
      },
      "BUK1_20181011_001004.wav": {
         "precision": 0.8636363636363636,
         "recall": 0.6129032258064516,
         "f-measure": 0.7169811320754716
      },
      "BUK5_20180921_015906a.wav": {
         "precision": 0.47058823529411764,
         "recall": 0.34782608695652173,
         "f-measure": 0.4
      }
   }
}